                  epoch,         train/box_loss,         train/cls_loss,         train/dfl_loss,   metrics/precision(B),      metrics/recall(B),       metrics/mAP50(B),    metrics/mAP50-95(B),           val/box_loss,           val/cls_loss,           val/dfl_loss,                 lr/pg0,                 lr/pg1,                 lr/pg2
                      1,                 4.5494,                 6.8605,                 2.2404,                0.42124,                0.42872,                0.37163,                0.14846,                 3.9775,                 4.0921,                 1.9868,             0.00055559,             0.00055559,             0.00055559
                      2,                    4.3,                 3.9566,                 2.1925,                 0.4981,                0.47844,                0.44574,                0.19386,                 3.8292,                 3.7784,                 1.9689,             0.00091123,             0.00091123,             0.00091123
                      3,                 4.1026,                 3.6812,                 2.1515,                0.52457,                0.51852,                0.48053,                0.22481,                 3.4889,                 3.8556,                 1.8895,              0.0010668,              0.0010668,              0.0010668
                      4,                 3.8929,                 3.4113,                 2.0778,                0.56573,                0.52974,                0.51762,                0.26146,                 3.2758,                  3.595,                 1.8395,             0.00076682,             0.00076682,             0.00076682
                      5,                 3.6913,                 3.1401,                 2.0274,                0.59961,                 0.5761,                0.57208,                0.29469,                 3.2109,                 3.4814,                   1.82,             0.00046676,             0.00046676,             0.00046676
